file,predicted,confidence,top_1_class,top_1_prob
guitar_001.wav,guitar,1.0,guitar,1.0
guitar_002.wav,guitar,1.0,guitar,1.0
guitar_003.wav,guitar,0.995,guitar,0.995
guitar_004.wav,guitar,1.0,guitar,1.0
guitar_005.wav,guitar,1.0,guitar,1.0
guitar_006.wav,guitar,1.0,guitar,1.0
guitar_007.wav,guitar,1.0,guitar,1.0
guitar_008.wav,guitar,0.98,guitar,0.98
guitar_009.wav,guitar,0.995,guitar,0.995
guitar_010.wav,guitar,1.0,guitar,1.0
guitar_011.wav,guitar,1.0,guitar,1.0
guitar_012.wav,guitar,1.0,guitar,1.0
guitar_013.wav,guitar,1.0,guitar,1.0
guitar_014.wav,guitar,1.0,guitar,1.0
guitar_015.wav,guitar,0.995,guitar,0.995
guitar_016.wav,guitar,0.99,guitar,0.99
guitar_017.wav,guitar,1.0,guitar,1.0
guitar_018.wav,guitar,1.0,guitar,1.0
guitar_019.wav,guitar,0.99,guitar,0.99
guitar_020.wav,guitar,1.0,guitar,1.0
guitar_021.wav,guitar,1.0,guitar,1.0
guitar_022.wav,guitar,0.985,guitar,0.985
guitar_023.wav,guitar,1.0,guitar,1.0
guitar_024.wav,guitar,1.0,guitar,1.0
guitar_025.wav,guitar,1.0,guitar,1.0
guitar_026.wav,guitar,1.0,guitar,1.0
guitar_027.wav,guitar,1.0,guitar,1.0
guitar_028.wav,guitar,1.0,guitar,1.0
guitar_029.wav,guitar,1.0,guitar,1.0
guitar_030.wav,guitar,1.0,guitar,1.0
guitar_031.wav,guitar,1.0,guitar,1.0
guitar_032.wav,guitar,1.0,guitar,1.0
guitar_033.wav,guitar,1.0,guitar,1.0
guitar_034.wav,guitar,1.0,guitar,1.0
guitar_035.wav,guitar,1.0,guitar,1.0
guitar_036.wav,guitar,0.995,guitar,0.995
guitar_037.wav,guitar,1.0,guitar,1.0
guitar_038.wav,guitar,1.0,guitar,1.0
guitar_039.wav,guitar,1.0,guitar,1.0
guitar_040.wav,guitar,1.0,guitar,1.0
guitar_041.wav,guitar,1.0,guitar,1.0
guitar_042.wav,guitar,1.0,guitar,1.0
guitar_043.wav,guitar,1.0,guitar,1.0
guitar_044.wav,guitar,0.995,guitar,0.995
guitar_045.wav,guitar,1.0,guitar,1.0
guitar_046.wav,guitar,1.0,guitar,1.0
guitar_047.wav,guitar,1.0,guitar,1.0
guitar_048.wav,guitar,0.995,guitar,0.995
guitar_049.wav,guitar,0.995,guitar,0.995
guitar_050.wav,guitar,0.99,guitar,0.99
